prompt,actual_ans,gen_ans,prompt_ppl,accuracy
"context: John moved to the bedroom. Mary moved to the hallway.
question: Where is Mary?
answer: hallway
###
context: Daniel moved to the garden. John went to the kitchen.
question: Where is Daniel?
answer: garden
###
context: Sandra went to the hallway. Sandra journeyed to the kitchen.
question: Where is Sandra?
answer: kitchen
###
context: Sandra went to the garden. Sandra journeyed to the bedroom.
question: Where is Sandra?
answer: bedroom
###
context: Daniel went to the kitchen. Mary travelled to the hallway. Daniel went back to the garden. Mary went back to the bathroom.
question: Where is Mary?
answer: bathroom
###
context: Daniel journeyed to the kitchen. Daniel journeyed to the bedroom.
question: Where is Daniel?
answer:",bedroom,bedroom,2.5284934043884277,1.0
"context: John moved to the bedroom. Mary moved to the hallway.
question: Where is Mary?
answer: hallway
###
context: Daniel moved to the garden. John went to the kitchen.
question: Where is Daniel?
answer: garden
###
context: Sandra went to the hallway. Sandra journeyed to the kitchen.
question: Where is Sandra?
answer: kitchen
###
context: Sandra went to the garden. Sandra journeyed to the bedroom.
question: Where is Sandra?
answer: bedroom
###
context: Daniel went to the kitchen. Mary travelled to the hallway. Daniel went back to the garden. Mary went back to the bathroom.
question: Where is Mary?
answer: bathroom
###
context: Daniel journeyed to the kitchen. Daniel journeyed to the bedroom. Sandra moved to the garden. Sandra went back to the kitchen.
question: Where is Sandra?
answer:",kitchen,kitchen,2.547999143600464,1.0
"context: John moved to the bedroom. Mary moved to the hallway.
question: Where is Mary?
answer: hallway
###
context: Daniel moved to the garden. John went to the kitchen.
question: Where is Daniel?
answer: garden
###
context: Sandra went to the hallway. Sandra journeyed to the kitchen.
question: Where is Sandra?
answer: kitchen
###
context: Sandra went to the garden. Sandra journeyed to the bedroom.
question: Where is Sandra?
answer: bedroom
###
context: Daniel went to the kitchen. Mary travelled to the hallway. Daniel went back to the garden. Mary went back to the bathroom.
question: Where is Mary?
answer: bathroom
###
context: Daniel journeyed to the kitchen. Daniel journeyed to the bedroom. Sandra moved to the garden. Sandra went back to the kitchen. Daniel travelled to the office. Sandra went back to the hallway.
question: Where is Sandra?
answer:",hallway,hallway,2.8581607341766357,1.0
"context: John moved to the bedroom. Mary moved to the hallway.
question: Where is Mary?
answer: hallway
###
context: Daniel moved to the garden. John went to the kitchen.
question: Where is Daniel?
answer: garden
###
context: Sandra went to the hallway. Sandra journeyed to the kitchen.
question: Where is Sandra?
answer: kitchen
###
context: Sandra went to the garden. Sandra journeyed to the bedroom.
question: Where is Sandra?
answer: bedroom
###
context: Daniel went to the kitchen. Mary travelled to the hallway. Daniel went back to the garden. Mary went back to the bathroom.
question: Where is Mary?
answer: bathroom
###
context: Daniel journeyed to the kitchen. Daniel journeyed to the bedroom. Sandra moved to the garden. Sandra went back to the kitchen. Daniel travelled to the office. Sandra went back to the hallway. Daniel journeyed to the hallway. Daniel went to the bathroom.
question: Where is Sandra?
answer:",hallway,hallway,2.8618545532226562,1.0
"context: John moved to the bedroom. Mary moved to the hallway.
question: Where is Mary?
answer: hallway
###
context: Daniel moved to the garden. John went to the kitchen.
question: Where is Daniel?
answer: garden
###
context: Sandra went to the hallway. Sandra journeyed to the kitchen.
question: Where is Sandra?
answer: kitchen
###
context: Sandra went to the garden. Sandra journeyed to the bedroom.
question: Where is Sandra?
answer: bedroom
###
context: Daniel went to the kitchen. Mary travelled to the hallway. Daniel went back to the garden. Mary went back to the bathroom.
question: Where is Mary?
answer: bathroom
###
context: Daniel journeyed to the kitchen. Daniel journeyed to the bedroom. Sandra moved to the garden. Sandra went back to the kitchen. Daniel travelled to the office. Sandra went back to the hallway. Daniel journeyed to the hallway. Daniel went to the bathroom. John travelled to the garden. Daniel moved to the hallway.
question: Where is Daniel?
answer:",hallway,hallway,2.738051176071167,1.0
"context: John moved to the bedroom. Mary moved to the hallway.
question: Where is Mary?
answer: hallway
###
context: Daniel moved to the garden. John went to the kitchen.
question: Where is Daniel?
answer: garden
###
context: Sandra went to the hallway. Sandra journeyed to the kitchen.
question: Where is Sandra?
answer: kitchen
###
context: Sandra went to the garden. Sandra journeyed to the bedroom.
question: Where is Sandra?
answer: bedroom
###
context: Daniel went to the kitchen. Mary travelled to the hallway. Daniel went back to the garden. Mary went back to the bathroom.
question: Where is Mary?
answer: bathroom
###
context: John went back to the bathroom. Mary travelled to the bathroom.
question: Where is John?
answer:",bathroom,bathroom,2.2747902870178223,1.0
"context: John moved to the bedroom. Mary moved to the hallway.
question: Where is Mary?
answer: hallway
###
context: Daniel moved to the garden. John went to the kitchen.
question: Where is Daniel?
answer: garden
###
context: Sandra went to the hallway. Sandra journeyed to the kitchen.
question: Where is Sandra?
answer: kitchen
###
context: Sandra went to the garden. Sandra journeyed to the bedroom.
question: Where is Sandra?
answer: bedroom
###
context: Daniel went to the kitchen. Mary travelled to the hallway. Daniel went back to the garden. Mary went back to the bathroom.
question: Where is Mary?
answer: bathroom
###
context: John went back to the bathroom. Mary travelled to the bathroom. Mary went to the garden. Sandra moved to the garden.
question: Where is John?
answer:",bathroom,bathroom,2.9523379802703857,1.0
"context: John moved to the bedroom. Mary moved to the hallway.
question: Where is Mary?
answer: hallway
###
context: Daniel moved to the garden. John went to the kitchen.
question: Where is Daniel?
answer: garden
###
context: Sandra went to the hallway. Sandra journeyed to the kitchen.
question: Where is Sandra?
answer: kitchen
###
context: Sandra went to the garden. Sandra journeyed to the bedroom.
question: Where is Sandra?
answer: bedroom
###
context: Daniel went to the kitchen. Mary travelled to the hallway. Daniel went back to the garden. Mary went back to the bathroom.
question: Where is Mary?
answer: bathroom
###
context: John went back to the bathroom. Mary travelled to the bathroom. Mary went to the garden. Sandra moved to the garden. John went to the kitchen. Daniel moved to the bathroom.
question: Where is John?
answer:",kitchen,kitchen,2.932945728302002,1.0
"context: John moved to the bedroom. Mary moved to the hallway.
question: Where is Mary?
answer: hallway
###
context: Daniel moved to the garden. John went to the kitchen.
question: Where is Daniel?
answer: garden
###
context: Sandra went to the hallway. Sandra journeyed to the kitchen.
question: Where is Sandra?
answer: kitchen
###
context: Sandra went to the garden. Sandra journeyed to the bedroom.
question: Where is Sandra?
answer: bedroom
###
context: Daniel went to the kitchen. Mary travelled to the hallway. Daniel went back to the garden. Mary went back to the bathroom.
question: Where is Mary?
answer: bathroom
###
context: John went back to the bathroom. Mary travelled to the bathroom. Mary went to the garden. Sandra moved to the garden. John went to the kitchen. Daniel moved to the bathroom. Daniel went back to the hallway. Mary went to the kitchen.
question: Where is Mary?
answer:",kitchen,kitchen,2.801081418991089,1.0
"context: John moved to the bedroom. Mary moved to the hallway.
question: Where is Mary?
answer: hallway
###
context: Daniel moved to the garden. John went to the kitchen.
question: Where is Daniel?
answer: garden
###
context: Sandra went to the hallway. Sandra journeyed to the kitchen.
question: Where is Sandra?
answer: kitchen
###
context: Sandra went to the garden. Sandra journeyed to the bedroom.
question: Where is Sandra?
answer: bedroom
###
context: Daniel went to the kitchen. Mary travelled to the hallway. Daniel went back to the garden. Mary went back to the bathroom.
question: Where is Mary?
answer: bathroom
###
context: John went back to the bathroom. Mary travelled to the bathroom. Mary went to the garden. Sandra moved to the garden. John went to the kitchen. Daniel moved to the bathroom. Daniel went back to the hallway. Mary went to the kitchen. Daniel went to the garden. Daniel travelled to the hallway.
question: Where is Daniel?
answer:",hallway,hallway,2.7306807041168213,1.0
"context: John moved to the bedroom. Mary moved to the hallway.
question: Where is Mary?
answer: hallway
###
context: Daniel moved to the garden. John went to the kitchen.
question: Where is Daniel?
answer: garden
###
context: Sandra went to the hallway. Sandra journeyed to the kitchen.
question: Where is Sandra?
answer: kitchen
###
context: Sandra went to the garden. Sandra journeyed to the bedroom.
question: Where is Sandra?
answer: bedroom
###
context: Daniel went to the kitchen. Mary travelled to the hallway. Daniel went back to the garden. Mary went back to the bathroom.
question: Where is Mary?
answer: bathroom
###
context: Mary went back to the bedroom. Mary travelled to the bathroom.
question: Where is Mary?
answer:",bathroom,bathroom,2.5557756423950195,1.0
"context: John moved to the bedroom. Mary moved to the hallway.
question: Where is Mary?
answer: hallway
###
context: Daniel moved to the garden. John went to the kitchen.
question: Where is Daniel?
answer: garden
###
context: Sandra went to the hallway. Sandra journeyed to the kitchen.
question: Where is Sandra?
answer: kitchen
###
context: Sandra went to the garden. Sandra journeyed to the bedroom.
question: Where is Sandra?
answer: bedroom
###
context: Daniel went to the kitchen. Mary travelled to the hallway. Daniel went back to the garden. Mary went back to the bathroom.
question: Where is Mary?
answer: bathroom
###
context: Mary went back to the bedroom. Mary travelled to the bathroom. John travelled to the office. Mary travelled to the bedroom.
question: Where is Mary?
answer:",bedroom,bedroom,2.337570905685425,1.0
"context: John moved to the bedroom. Mary moved to the hallway.
question: Where is Mary?
answer: hallway
###
context: Daniel moved to the garden. John went to the kitchen.
question: Where is Daniel?
answer: garden
###
context: Sandra went to the hallway. Sandra journeyed to the kitchen.
question: Where is Sandra?
answer: kitchen
###
context: Sandra went to the garden. Sandra journeyed to the bedroom.
question: Where is Sandra?
answer: bedroom
###
context: Daniel went to the kitchen. Mary travelled to the hallway. Daniel went back to the garden. Mary went back to the bathroom.
question: Where is Mary?
answer: bathroom
###
context: Mary went back to the bedroom. Mary travelled to the bathroom. John travelled to the office. Mary travelled to the bedroom. John journeyed to the kitchen. John moved to the hallway.
question: Where is Mary?
answer:",bedroom,bedroom,2.5568010807037354,1.0
"context: John moved to the bedroom. Mary moved to the hallway.
question: Where is Mary?
answer: hallway
###
context: Daniel moved to the garden. John went to the kitchen.
question: Where is Daniel?
answer: garden
###
context: Sandra went to the hallway. Sandra journeyed to the kitchen.
question: Where is Sandra?
answer: kitchen
###
context: Sandra went to the garden. Sandra journeyed to the bedroom.
question: Where is Sandra?
answer: bedroom
###
context: Daniel went to the kitchen. Mary travelled to the hallway. Daniel went back to the garden. Mary went back to the bathroom.
question: Where is Mary?
answer: bathroom
###
context: Mary went back to the bedroom. Mary travelled to the bathroom. John travelled to the office. Mary travelled to the bedroom. John journeyed to the kitchen. John moved to the hallway. Daniel moved to the hallway. Mary went back to the garden.
question: Where is Mary?
answer:",garden,garden,2.507964611053467,1.0
"context: John moved to the bedroom. Mary moved to the hallway.
question: Where is Mary?
answer: hallway
###
context: Daniel moved to the garden. John went to the kitchen.
question: Where is Daniel?
answer: garden
###
context: Sandra went to the hallway. Sandra journeyed to the kitchen.
question: Where is Sandra?
answer: kitchen
###
context: Sandra went to the garden. Sandra journeyed to the bedroom.
question: Where is Sandra?
answer: bedroom
###
context: Daniel went to the kitchen. Mary travelled to the hallway. Daniel went back to the garden. Mary went back to the bathroom.
question: Where is Mary?
answer: bathroom
###
context: Mary went back to the bedroom. Mary travelled to the bathroom. John travelled to the office. Mary travelled to the bedroom. John journeyed to the kitchen. John moved to the hallway. Daniel moved to the hallway. Mary went back to the garden. Daniel went back to the office. Daniel travelled to the kitchen.
question: Where is Daniel?
answer:",kitchen,kitchen,2.5544586181640625,1.0
"context: John moved to the bedroom. Mary moved to the hallway.
question: Where is Mary?
answer: hallway
###
context: Daniel moved to the garden. John went to the kitchen.
question: Where is Daniel?
answer: garden
###
context: Sandra went to the hallway. Sandra journeyed to the kitchen.
question: Where is Sandra?
answer: kitchen
###
context: Sandra went to the garden. Sandra journeyed to the bedroom.
question: Where is Sandra?
answer: bedroom
###
context: Daniel went to the kitchen. Mary travelled to the hallway. Daniel went back to the garden. Mary went back to the bathroom.
question: Where is Mary?
answer: bathroom
###
context: Daniel moved to the garden. Mary went back to the bathroom.
question: Where is Daniel?
answer:",garden,garden,2.117286443710327,1.0
"context: John moved to the bedroom. Mary moved to the hallway.
question: Where is Mary?
answer: hallway
###
context: Daniel moved to the garden. John went to the kitchen.
question: Where is Daniel?
answer: garden
###
context: Sandra went to the hallway. Sandra journeyed to the kitchen.
question: Where is Sandra?
answer: kitchen
###
context: Sandra went to the garden. Sandra journeyed to the bedroom.
question: Where is Sandra?
answer: bedroom
###
context: Daniel went to the kitchen. Mary travelled to the hallway. Daniel went back to the garden. Mary went back to the bathroom.
question: Where is Mary?
answer: bathroom
###
context: Daniel moved to the garden. Mary went back to the bathroom. Daniel travelled to the kitchen. Sandra went to the kitchen.
question: Where is Sandra?
answer:",kitchen,kitchen,2.4734792709350586,1.0
"context: John moved to the bedroom. Mary moved to the hallway.
question: Where is Mary?
answer: hallway
###
context: Daniel moved to the garden. John went to the kitchen.
question: Where is Daniel?
answer: garden
###
context: Sandra went to the hallway. Sandra journeyed to the kitchen.
question: Where is Sandra?
answer: kitchen
###
context: Sandra went to the garden. Sandra journeyed to the bedroom.
question: Where is Sandra?
answer: bedroom
###
context: Daniel went to the kitchen. Mary travelled to the hallway. Daniel went back to the garden. Mary went back to the bathroom.
question: Where is Mary?
answer: bathroom
###
context: Daniel moved to the garden. Mary went back to the bathroom. Daniel travelled to the kitchen. Sandra went to the kitchen. Daniel journeyed to the garden. Mary journeyed to the kitchen.
question: Where is Mary?
answer:",kitchen,kitchen,2.503261089324951,1.0
"context: John moved to the bedroom. Mary moved to the hallway.
question: Where is Mary?
answer: hallway
###
context: Daniel moved to the garden. John went to the kitchen.
question: Where is Daniel?
answer: garden
###
context: Sandra went to the hallway. Sandra journeyed to the kitchen.
question: Where is Sandra?
answer: kitchen
###
context: Sandra went to the garden. Sandra journeyed to the bedroom.
question: Where is Sandra?
answer: bedroom
###
context: Daniel went to the kitchen. Mary travelled to the hallway. Daniel went back to the garden. Mary went back to the bathroom.
question: Where is Mary?
answer: bathroom
###
context: Daniel moved to the garden. Mary went back to the bathroom. Daniel travelled to the kitchen. Sandra went to the kitchen. Daniel journeyed to the garden. Mary journeyed to the kitchen. Mary moved to the hallway. John went back to the bedroom.
question: Where is Mary?
answer:",hallway,hallway,2.813272476196289,1.0
"context: John moved to the bedroom. Mary moved to the hallway.
question: Where is Mary?
answer: hallway
###
context: Daniel moved to the garden. John went to the kitchen.
question: Where is Daniel?
answer: garden
###
context: Sandra went to the hallway. Sandra journeyed to the kitchen.
question: Where is Sandra?
answer: kitchen
###
context: Sandra went to the garden. Sandra journeyed to the bedroom.
question: Where is Sandra?
answer: bedroom
###
context: Daniel went to the kitchen. Mary travelled to the hallway. Daniel went back to the garden. Mary went back to the bathroom.
question: Where is Mary?
answer: bathroom
###
context: Daniel moved to the garden. Mary went back to the bathroom. Daniel travelled to the kitchen. Sandra went to the kitchen. Daniel journeyed to the garden. Mary journeyed to the kitchen. Mary moved to the hallway. John went back to the bedroom. John moved to the office. John travelled to the bathroom.
question: Where is Mary?
answer:",hallway,hallway,2.786651134490967,1.0
"context: John moved to the bedroom. Mary moved to the hallway.
question: Where is Mary?
answer: hallway
###
context: Daniel moved to the garden. John went to the kitchen.
question: Where is Daniel?
answer: garden
###
context: Sandra went to the hallway. Sandra journeyed to the kitchen.
question: Where is Sandra?
answer: kitchen
###
context: Sandra went to the garden. Sandra journeyed to the bedroom.
question: Where is Sandra?
answer: bedroom
###
context: Daniel went to the kitchen. Mary travelled to the hallway. Daniel went back to the garden. Mary went back to the bathroom.
question: Where is Mary?
answer: bathroom
###
context: John went to the office. Daniel journeyed to the kitchen.
question: Where is Daniel?
answer:",kitchen,kitchen,2.423614263534546,1.0
"context: John moved to the bedroom. Mary moved to the hallway.
question: Where is Mary?
answer: hallway
###
context: Daniel moved to the garden. John went to the kitchen.
question: Where is Daniel?
answer: garden
###
context: Sandra went to the hallway. Sandra journeyed to the kitchen.
question: Where is Sandra?
answer: kitchen
###
context: Sandra went to the garden. Sandra journeyed to the bedroom.
question: Where is Sandra?
answer: bedroom
###
context: Daniel went to the kitchen. Mary travelled to the hallway. Daniel went back to the garden. Mary went back to the bathroom.
question: Where is Mary?
answer: bathroom
###
context: John went to the office. Daniel journeyed to the kitchen. John travelled to the bedroom. John moved to the garden.
question: Where is Daniel?
answer:",kitchen,kitchen,2.6936802864074707,1.0
"context: John moved to the bedroom. Mary moved to the hallway.
question: Where is Mary?
answer: hallway
###
context: Daniel moved to the garden. John went to the kitchen.
question: Where is Daniel?
answer: garden
###
context: Sandra went to the hallway. Sandra journeyed to the kitchen.
question: Where is Sandra?
answer: kitchen
###
context: Sandra went to the garden. Sandra journeyed to the bedroom.
question: Where is Sandra?
answer: bedroom
###
context: Daniel went to the kitchen. Mary travelled to the hallway. Daniel went back to the garden. Mary went back to the bathroom.
question: Where is Mary?
answer: bathroom
###
context: John went to the office. Daniel journeyed to the kitchen. John travelled to the bedroom. John moved to the garden. Daniel journeyed to the bathroom. John journeyed to the bedroom.
question: Where is John?
answer:",bedroom,bedroom,2.6534647941589355,1.0
"context: John moved to the bedroom. Mary moved to the hallway.
question: Where is Mary?
answer: hallway
###
context: Daniel moved to the garden. John went to the kitchen.
question: Where is Daniel?
answer: garden
###
context: Sandra went to the hallway. Sandra journeyed to the kitchen.
question: Where is Sandra?
answer: kitchen
###
context: Sandra went to the garden. Sandra journeyed to the bedroom.
question: Where is Sandra?
answer: bedroom
###
context: Daniel went to the kitchen. Mary travelled to the hallway. Daniel went back to the garden. Mary went back to the bathroom.
question: Where is Mary?
answer: bathroom
###
context: John went to the office. Daniel journeyed to the kitchen. John travelled to the bedroom. John moved to the garden. Daniel journeyed to the bathroom. John journeyed to the bedroom. Sandra journeyed to the kitchen. Mary moved to the garden.
question: Where is John?
answer:",bedroom,bedroom,2.953385829925537,1.0
"context: John moved to the bedroom. Mary moved to the hallway.
question: Where is Mary?
answer: hallway
###
context: Daniel moved to the garden. John went to the kitchen.
question: Where is Daniel?
answer: garden
###
context: Sandra went to the hallway. Sandra journeyed to the kitchen.
question: Where is Sandra?
answer: kitchen
###
context: Sandra went to the garden. Sandra journeyed to the bedroom.
question: Where is Sandra?
answer: bedroom
###
context: Daniel went to the kitchen. Mary travelled to the hallway. Daniel went back to the garden. Mary went back to the bathroom.
question: Where is Mary?
answer: bathroom
###
context: John went to the office. Daniel journeyed to the kitchen. John travelled to the bedroom. John moved to the garden. Daniel journeyed to the bathroom. John journeyed to the bedroom. Sandra journeyed to the kitchen. Mary moved to the garden. Sandra journeyed to the bathroom. Sandra went back to the bedroom.
question: Where is Sandra?
answer:",bedroom,bedroom,2.698154926300049,1.0
"context: John moved to the bedroom. Mary moved to the hallway.
question: Where is Mary?
answer: hallway
###
context: Daniel moved to the garden. John went to the kitchen.
question: Where is Daniel?
answer: garden
###
context: Sandra went to the hallway. Sandra journeyed to the kitchen.
question: Where is Sandra?
answer: kitchen
###
context: Sandra went to the garden. Sandra journeyed to the bedroom.
question: Where is Sandra?
answer: bedroom
###
context: Daniel went to the kitchen. Mary travelled to the hallway. Daniel went back to the garden. Mary went back to the bathroom.
question: Where is Mary?
answer: bathroom
###
context: Daniel travelled to the kitchen. Daniel journeyed to the garden.
question: Where is Daniel?
answer:",garden,garden,2.2351324558258057,1.0
"context: John moved to the bedroom. Mary moved to the hallway.
question: Where is Mary?
answer: hallway
###
context: Daniel moved to the garden. John went to the kitchen.
question: Where is Daniel?
answer: garden
###
context: Sandra went to the hallway. Sandra journeyed to the kitchen.
question: Where is Sandra?
answer: kitchen
###
context: Sandra went to the garden. Sandra journeyed to the bedroom.
question: Where is Sandra?
answer: bedroom
###
context: Daniel went to the kitchen. Mary travelled to the hallway. Daniel went back to the garden. Mary went back to the bathroom.
question: Where is Mary?
answer: bathroom
###
context: Daniel travelled to the kitchen. Daniel journeyed to the garden. John journeyed to the office. John travelled to the garden.
question: Where is Daniel?
answer:",garden,garden,2.6027307510375977,1.0
"context: John moved to the bedroom. Mary moved to the hallway.
question: Where is Mary?
answer: hallway
###
context: Daniel moved to the garden. John went to the kitchen.
question: Where is Daniel?
answer: garden
###
context: Sandra went to the hallway. Sandra journeyed to the kitchen.
question: Where is Sandra?
answer: kitchen
###
context: Sandra went to the garden. Sandra journeyed to the bedroom.
question: Where is Sandra?
answer: bedroom
###
context: Daniel went to the kitchen. Mary travelled to the hallway. Daniel went back to the garden. Mary went back to the bathroom.
question: Where is Mary?
answer: bathroom
###
context: Daniel travelled to the kitchen. Daniel journeyed to the garden. John journeyed to the office. John travelled to the garden. Daniel moved to the office. John went to the hallway.
question: Where is John?
answer:",hallway,hallway,2.865827798843384,1.0
"context: John moved to the bedroom. Mary moved to the hallway.
question: Where is Mary?
answer: hallway
###
context: Daniel moved to the garden. John went to the kitchen.
question: Where is Daniel?
answer: garden
###
context: Sandra went to the hallway. Sandra journeyed to the kitchen.
question: Where is Sandra?
answer: kitchen
###
context: Sandra went to the garden. Sandra journeyed to the bedroom.
question: Where is Sandra?
answer: bedroom
###
context: Daniel went to the kitchen. Mary travelled to the hallway. Daniel went back to the garden. Mary went back to the bathroom.
question: Where is Mary?
answer: bathroom
###
context: Daniel travelled to the kitchen. Daniel journeyed to the garden. John journeyed to the office. John travelled to the garden. Daniel moved to the office. John went to the hallway. John moved to the office. Daniel journeyed to the kitchen.
question: Where is John?
answer:",office,office,2.7631537914276123,1.0
"context: John moved to the bedroom. Mary moved to the hallway.
question: Where is Mary?
answer: hallway
###
context: Daniel moved to the garden. John went to the kitchen.
question: Where is Daniel?
answer: garden
###
context: Sandra went to the hallway. Sandra journeyed to the kitchen.
question: Where is Sandra?
answer: kitchen
###
context: Sandra went to the garden. Sandra journeyed to the bedroom.
question: Where is Sandra?
answer: bedroom
###
context: Daniel went to the kitchen. Mary travelled to the hallway. Daniel went back to the garden. Mary went back to the bathroom.
question: Where is Mary?
answer: bathroom
###
context: Daniel travelled to the kitchen. Daniel journeyed to the garden. John journeyed to the office. John travelled to the garden. Daniel moved to the office. John went to the hallway. John moved to the office. Daniel journeyed to the kitchen. Daniel went to the garden. John went back to the bathroom.
question: Where is Daniel?
answer:",garden,garden,2.301760196685791,1.0
"context: John moved to the bedroom. Mary moved to the hallway.
question: Where is Mary?
answer: hallway
###
context: Daniel moved to the garden. John went to the kitchen.
question: Where is Daniel?
answer: garden
###
context: Sandra went to the hallway. Sandra journeyed to the kitchen.
question: Where is Sandra?
answer: kitchen
###
context: Sandra went to the garden. Sandra journeyed to the bedroom.
question: Where is Sandra?
answer: bedroom
###
context: Daniel went to the kitchen. Mary travelled to the hallway. Daniel went back to the garden. Mary went back to the bathroom.
question: Where is Mary?
answer: bathroom
###
context: Mary went to the bathroom. John went to the kitchen.
question: Where is John?
answer:",kitchen,kitchen,2.2617249488830566,1.0
"context: John moved to the bedroom. Mary moved to the hallway.
question: Where is Mary?
answer: hallway
###
context: Daniel moved to the garden. John went to the kitchen.
question: Where is Daniel?
answer: garden
###
context: Sandra went to the hallway. Sandra journeyed to the kitchen.
question: Where is Sandra?
answer: kitchen
###
context: Sandra went to the garden. Sandra journeyed to the bedroom.
question: Where is Sandra?
answer: bedroom
###
context: Daniel went to the kitchen. Mary travelled to the hallway. Daniel went back to the garden. Mary went back to the bathroom.
question: Where is Mary?
answer: bathroom
###
context: Mary went to the bathroom. John went to the kitchen. Daniel moved to the office. Daniel moved to the bathroom.
question: Where is Daniel?
answer:",bathroom,bathroom,2.8090271949768066,1.0
"context: John moved to the bedroom. Mary moved to the hallway.
question: Where is Mary?
answer: hallway
###
context: Daniel moved to the garden. John went to the kitchen.
question: Where is Daniel?
answer: garden
###
context: Sandra went to the hallway. Sandra journeyed to the kitchen.
question: Where is Sandra?
answer: kitchen
###
context: Sandra went to the garden. Sandra journeyed to the bedroom.
question: Where is Sandra?
answer: bedroom
###
context: Daniel went to the kitchen. Mary travelled to the hallway. Daniel went back to the garden. Mary went back to the bathroom.
question: Where is Mary?
answer: bathroom
###
context: Mary went to the bathroom. John went to the kitchen. Daniel moved to the office. Daniel moved to the bathroom. Sandra travelled to the bathroom. Mary travelled to the kitchen.
question: Where is John?
answer:",kitchen,kitchen,3.56166672706604,1.0
"context: John moved to the bedroom. Mary moved to the hallway.
question: Where is Mary?
answer: hallway
###
context: Daniel moved to the garden. John went to the kitchen.
question: Where is Daniel?
answer: garden
###
context: Sandra went to the hallway. Sandra journeyed to the kitchen.
question: Where is Sandra?
answer: kitchen
###
context: Sandra went to the garden. Sandra journeyed to the bedroom.
question: Where is Sandra?
answer: bedroom
###
context: Daniel went to the kitchen. Mary travelled to the hallway. Daniel went back to the garden. Mary went back to the bathroom.
question: Where is Mary?
answer: bathroom
###
context: Mary went to the bathroom. John went to the kitchen. Daniel moved to the office. Daniel moved to the bathroom. Sandra travelled to the bathroom. Mary travelled to the kitchen. Mary went to the garden. Sandra moved to the bedroom.
question: Where is Mary?
answer:",garden,garden,3.3749539852142334,1.0
"context: John moved to the bedroom. Mary moved to the hallway.
question: Where is Mary?
answer: hallway
###
context: Daniel moved to the garden. John went to the kitchen.
question: Where is Daniel?
answer: garden
###
context: Sandra went to the hallway. Sandra journeyed to the kitchen.
question: Where is Sandra?
answer: kitchen
###
context: Sandra went to the garden. Sandra journeyed to the bedroom.
question: Where is Sandra?
answer: bedroom
###
context: Daniel went to the kitchen. Mary travelled to the hallway. Daniel went back to the garden. Mary went back to the bathroom.
question: Where is Mary?
answer: bathroom
###
context: Mary went to the bathroom. John went to the kitchen. Daniel moved to the office. Daniel moved to the bathroom. Sandra travelled to the bathroom. Mary travelled to the kitchen. Mary went to the garden. Sandra moved to the bedroom. Sandra journeyed to the kitchen. Daniel travelled to the garden.
question: Where is Sandra?
answer:",kitchen,kitchen,2.8411717414855957,1.0
"context: John moved to the bedroom. Mary moved to the hallway.
question: Where is Mary?
answer: hallway
###
context: Daniel moved to the garden. John went to the kitchen.
question: Where is Daniel?
answer: garden
###
context: Sandra went to the hallway. Sandra journeyed to the kitchen.
question: Where is Sandra?
answer: kitchen
###
context: Sandra went to the garden. Sandra journeyed to the bedroom.
question: Where is Sandra?
answer: bedroom
###
context: Daniel went to the kitchen. Mary travelled to the hallway. Daniel went back to the garden. Mary went back to the bathroom.
question: Where is Mary?
answer: bathroom
###
context: John journeyed to the kitchen. John journeyed to the garden.
question: Where is John?
answer:",garden,garden,2.4169533252716064,1.0
"context: John moved to the bedroom. Mary moved to the hallway.
question: Where is Mary?
answer: hallway
###
context: Daniel moved to the garden. John went to the kitchen.
question: Where is Daniel?
answer: garden
###
context: Sandra went to the hallway. Sandra journeyed to the kitchen.
question: Where is Sandra?
answer: kitchen
###
context: Sandra went to the garden. Sandra journeyed to the bedroom.
question: Where is Sandra?
answer: bedroom
###
context: Daniel went to the kitchen. Mary travelled to the hallway. Daniel went back to the garden. Mary went back to the bathroom.
question: Where is Mary?
answer: bathroom
###
context: John journeyed to the kitchen. John journeyed to the garden. Mary went back to the bathroom. Mary moved to the garden.
question: Where is Mary?
answer:",garden,garden,2.3461110591888428,1.0
"context: John moved to the bedroom. Mary moved to the hallway.
question: Where is Mary?
answer: hallway
###
context: Daniel moved to the garden. John went to the kitchen.
question: Where is Daniel?
answer: garden
###
context: Sandra went to the hallway. Sandra journeyed to the kitchen.
question: Where is Sandra?
answer: kitchen
###
context: Sandra went to the garden. Sandra journeyed to the bedroom.
question: Where is Sandra?
answer: bedroom
###
context: Daniel went to the kitchen. Mary travelled to the hallway. Daniel went back to the garden. Mary went back to the bathroom.
question: Where is Mary?
answer: bathroom
###
context: John journeyed to the kitchen. John journeyed to the garden. Mary went back to the bathroom. Mary moved to the garden. Daniel travelled to the bedroom. John moved to the kitchen.
question: Where is Mary?
answer:",garden,garden,2.729020833969116,1.0
"context: John moved to the bedroom. Mary moved to the hallway.
question: Where is Mary?
answer: hallway
###
context: Daniel moved to the garden. John went to the kitchen.
question: Where is Daniel?
answer: garden
###
context: Sandra went to the hallway. Sandra journeyed to the kitchen.
question: Where is Sandra?
answer: kitchen
###
context: Sandra went to the garden. Sandra journeyed to the bedroom.
question: Where is Sandra?
answer: bedroom
###
context: Daniel went to the kitchen. Mary travelled to the hallway. Daniel went back to the garden. Mary went back to the bathroom.
question: Where is Mary?
answer: bathroom
###
context: John journeyed to the kitchen. John journeyed to the garden. Mary went back to the bathroom. Mary moved to the garden. Daniel travelled to the bedroom. John moved to the kitchen. John journeyed to the hallway. Mary went back to the bathroom.
question: Where is Mary?
answer:",bathroom,bathroom,2.6259214878082275,1.0
"context: John moved to the bedroom. Mary moved to the hallway.
question: Where is Mary?
answer: hallway
###
context: Daniel moved to the garden. John went to the kitchen.
question: Where is Daniel?
answer: garden
###
context: Sandra went to the hallway. Sandra journeyed to the kitchen.
question: Where is Sandra?
answer: kitchen
###
context: Sandra went to the garden. Sandra journeyed to the bedroom.
question: Where is Sandra?
answer: bedroom
###
context: Daniel went to the kitchen. Mary travelled to the hallway. Daniel went back to the garden. Mary went back to the bathroom.
question: Where is Mary?
answer: bathroom
###
context: John journeyed to the kitchen. John journeyed to the garden. Mary went back to the bathroom. Mary moved to the garden. Daniel travelled to the bedroom. John moved to the kitchen. John journeyed to the hallway. Mary went back to the bathroom. John journeyed to the bathroom. Sandra moved to the kitchen.
question: Where is Mary?
answer:",bathroom,bathroom,2.655623435974121,1.0
"context: John moved to the bedroom. Mary moved to the hallway.
question: Where is Mary?
answer: hallway
###
context: Daniel moved to the garden. John went to the kitchen.
question: Where is Daniel?
answer: garden
###
context: Sandra went to the hallway. Sandra journeyed to the kitchen.
question: Where is Sandra?
answer: kitchen
###
context: Sandra went to the garden. Sandra journeyed to the bedroom.
question: Where is Sandra?
answer: bedroom
###
context: Daniel went to the kitchen. Mary travelled to the hallway. Daniel went back to the garden. Mary went back to the bathroom.
question: Where is Mary?
answer: bathroom
###
context: John went back to the bedroom. John moved to the kitchen.
question: Where is John?
answer:",kitchen,kitchen,2.56980037689209,1.0
"context: John moved to the bedroom. Mary moved to the hallway.
question: Where is Mary?
answer: hallway
###
context: Daniel moved to the garden. John went to the kitchen.
question: Where is Daniel?
answer: garden
###
context: Sandra went to the hallway. Sandra journeyed to the kitchen.
question: Where is Sandra?
answer: kitchen
###
context: Sandra went to the garden. Sandra journeyed to the bedroom.
question: Where is Sandra?
answer: bedroom
###
context: Daniel went to the kitchen. Mary travelled to the hallway. Daniel went back to the garden. Mary went back to the bathroom.
question: Where is Mary?
answer: bathroom
###
context: John went back to the bedroom. John moved to the kitchen. John journeyed to the garden. Mary went back to the hallway.
question: Where is John?
answer:",garden,garden,2.423621416091919,1.0
"context: John moved to the bedroom. Mary moved to the hallway.
question: Where is Mary?
answer: hallway
###
context: Daniel moved to the garden. John went to the kitchen.
question: Where is Daniel?
answer: garden
###
context: Sandra went to the hallway. Sandra journeyed to the kitchen.
question: Where is Sandra?
answer: kitchen
###
context: Sandra went to the garden. Sandra journeyed to the bedroom.
question: Where is Sandra?
answer: bedroom
###
context: Daniel went to the kitchen. Mary travelled to the hallway. Daniel went back to the garden. Mary went back to the bathroom.
question: Where is Mary?
answer: bathroom
###
context: John went back to the bedroom. John moved to the kitchen. John journeyed to the garden. Mary went back to the hallway. Daniel went back to the bedroom. John went to the bedroom.
question: Where is John?
answer:",bedroom,bedroom,2.4683220386505127,1.0
"context: John moved to the bedroom. Mary moved to the hallway.
question: Where is Mary?
answer: hallway
###
context: Daniel moved to the garden. John went to the kitchen.
question: Where is Daniel?
answer: garden
###
context: Sandra went to the hallway. Sandra journeyed to the kitchen.
question: Where is Sandra?
answer: kitchen
###
context: Sandra went to the garden. Sandra journeyed to the bedroom.
question: Where is Sandra?
answer: bedroom
###
context: Daniel went to the kitchen. Mary travelled to the hallway. Daniel went back to the garden. Mary went back to the bathroom.
question: Where is Mary?
answer: bathroom
###
context: John went back to the bedroom. John moved to the kitchen. John journeyed to the garden. Mary went back to the hallway. Daniel went back to the bedroom. John went to the bedroom. Sandra travelled to the garden. Daniel went back to the office.
question: Where is John?
answer:",bedroom,bedroom,2.70894718170166,1.0
"context: John moved to the bedroom. Mary moved to the hallway.
question: Where is Mary?
answer: hallway
###
context: Daniel moved to the garden. John went to the kitchen.
question: Where is Daniel?
answer: garden
###
context: Sandra went to the hallway. Sandra journeyed to the kitchen.
question: Where is Sandra?
answer: kitchen
###
context: Sandra went to the garden. Sandra journeyed to the bedroom.
question: Where is Sandra?
answer: bedroom
###
context: Daniel went to the kitchen. Mary travelled to the hallway. Daniel went back to the garden. Mary went back to the bathroom.
question: Where is Mary?
answer: bathroom
###
context: John went back to the bedroom. John moved to the kitchen. John journeyed to the garden. Mary went back to the hallway. Daniel went back to the bedroom. John went to the bedroom. Sandra travelled to the garden. Daniel went back to the office. Mary went back to the bedroom. Daniel journeyed to the kitchen.
question: Where is Daniel?
answer:",kitchen,kitchen,2.54870867729187,1.0
"context: John moved to the bedroom. Mary moved to the hallway.
question: Where is Mary?
answer: hallway
###
context: Daniel moved to the garden. John went to the kitchen.
question: Where is Daniel?
answer: garden
###
context: Sandra went to the hallway. Sandra journeyed to the kitchen.
question: Where is Sandra?
answer: kitchen
###
context: Sandra went to the garden. Sandra journeyed to the bedroom.
question: Where is Sandra?
answer: bedroom
###
context: Daniel went to the kitchen. Mary travelled to the hallway. Daniel went back to the garden. Mary went back to the bathroom.
question: Where is Mary?
answer: bathroom
###
context: Mary went to the garden. Daniel journeyed to the bathroom.
question: Where is Mary?
answer:",garden,garden,2.4391064643859863,1.0
"context: John moved to the bedroom. Mary moved to the hallway.
question: Where is Mary?
answer: hallway
###
context: Daniel moved to the garden. John went to the kitchen.
question: Where is Daniel?
answer: garden
###
context: Sandra went to the hallway. Sandra journeyed to the kitchen.
question: Where is Sandra?
answer: kitchen
###
context: Sandra went to the garden. Sandra journeyed to the bedroom.
question: Where is Sandra?
answer: bedroom
###
context: Daniel went to the kitchen. Mary travelled to the hallway. Daniel went back to the garden. Mary went back to the bathroom.
question: Where is Mary?
answer: bathroom
###
context: Mary went to the garden. Daniel journeyed to the bathroom. John went to the office. Mary moved to the hallway.
question: Where is Daniel?
answer:",bathroom,bathroom,2.7083802223205566,1.0
"context: John moved to the bedroom. Mary moved to the hallway.
question: Where is Mary?
answer: hallway
###
context: Daniel moved to the garden. John went to the kitchen.
question: Where is Daniel?
answer: garden
###
context: Sandra went to the hallway. Sandra journeyed to the kitchen.
question: Where is Sandra?
answer: kitchen
###
context: Sandra went to the garden. Sandra journeyed to the bedroom.
question: Where is Sandra?
answer: bedroom
###
context: Daniel went to the kitchen. Mary travelled to the hallway. Daniel went back to the garden. Mary went back to the bathroom.
question: Where is Mary?
answer: bathroom
###
context: Mary went to the garden. Daniel journeyed to the bathroom. John went to the office. Mary moved to the hallway. John went to the bathroom. Daniel moved to the kitchen.
question: Where is John?
answer:",bathroom,bathroom,2.958838701248169,1.0
"context: John moved to the bedroom. Mary moved to the hallway.
question: Where is Mary?
answer: hallway
###
context: Daniel moved to the garden. John went to the kitchen.
question: Where is Daniel?
answer: garden
###
context: Sandra went to the hallway. Sandra journeyed to the kitchen.
question: Where is Sandra?
answer: kitchen
###
context: Sandra went to the garden. Sandra journeyed to the bedroom.
question: Where is Sandra?
answer: bedroom
###
context: Daniel went to the kitchen. Mary travelled to the hallway. Daniel went back to the garden. Mary went back to the bathroom.
question: Where is Mary?
answer: bathroom
###
context: Mary went to the garden. Daniel journeyed to the bathroom. John went to the office. Mary moved to the hallway. John went to the bathroom. Daniel moved to the kitchen. John went to the kitchen. Daniel went to the bedroom.
question: Where is Mary?
answer:",hallway,hallway,2.9381299018859863,1.0
"context: John moved to the bedroom. Mary moved to the hallway.
question: Where is Mary?
answer: hallway
###
context: Daniel moved to the garden. John went to the kitchen.
question: Where is Daniel?
answer: garden
###
context: Sandra went to the hallway. Sandra journeyed to the kitchen.
question: Where is Sandra?
answer: kitchen
###
context: Sandra went to the garden. Sandra journeyed to the bedroom.
question: Where is Sandra?
answer: bedroom
###
context: Daniel went to the kitchen. Mary travelled to the hallway. Daniel went back to the garden. Mary went back to the bathroom.
question: Where is Mary?
answer: bathroom
###
context: Mary went to the garden. Daniel journeyed to the bathroom. John went to the office. Mary moved to the hallway. John went to the bathroom. Daniel moved to the kitchen. John went to the kitchen. Daniel went to the bedroom. Mary went to the kitchen. Sandra journeyed to the garden.
question: Where is Sandra?
answer:",garden,garden,2.955686569213867,1.0
"context: John moved to the bedroom. Mary moved to the hallway.
question: Where is Mary?
answer: hallway
###
context: Daniel moved to the garden. John went to the kitchen.
question: Where is Daniel?
answer: garden
###
context: Sandra went to the hallway. Sandra journeyed to the kitchen.
question: Where is Sandra?
answer: kitchen
###
context: Sandra went to the garden. Sandra journeyed to the bedroom.
question: Where is Sandra?
answer: bedroom
###
context: Daniel went to the kitchen. Mary travelled to the hallway. Daniel went back to the garden. Mary went back to the bathroom.
question: Where is Mary?
answer: bathroom
###
context: John went to the office. Mary journeyed to the garden.
question: Where is Mary?
answer:",garden,garden,2.018430233001709,1.0
"context: John moved to the bedroom. Mary moved to the hallway.
question: Where is Mary?
answer: hallway
###
context: Daniel moved to the garden. John went to the kitchen.
question: Where is Daniel?
answer: garden
###
context: Sandra went to the hallway. Sandra journeyed to the kitchen.
question: Where is Sandra?
answer: kitchen
###
context: Sandra went to the garden. Sandra journeyed to the bedroom.
question: Where is Sandra?
answer: bedroom
###
context: Daniel went to the kitchen. Mary travelled to the hallway. Daniel went back to the garden. Mary went back to the bathroom.
question: Where is Mary?
answer: bathroom
###
context: John went to the office. Mary journeyed to the garden. John went to the garden. John journeyed to the hallway.
question: Where is John?
answer:",hallway,hallway,2.426419258117676,1.0
"context: John moved to the bedroom. Mary moved to the hallway.
question: Where is Mary?
answer: hallway
###
context: Daniel moved to the garden. John went to the kitchen.
question: Where is Daniel?
answer: garden
###
context: Sandra went to the hallway. Sandra journeyed to the kitchen.
question: Where is Sandra?
answer: kitchen
###
context: Sandra went to the garden. Sandra journeyed to the bedroom.
question: Where is Sandra?
answer: bedroom
###
context: Daniel went to the kitchen. Mary travelled to the hallway. Daniel went back to the garden. Mary went back to the bathroom.
question: Where is Mary?
answer: bathroom
###
context: John went to the office. Mary journeyed to the garden. John went to the garden. John journeyed to the hallway. Sandra went to the hallway. John went to the bedroom.
question: Where is Mary?
answer:",garden,garden,2.534775972366333,1.0
"context: John moved to the bedroom. Mary moved to the hallway.
question: Where is Mary?
answer: hallway
###
context: Daniel moved to the garden. John went to the kitchen.
question: Where is Daniel?
answer: garden
###
context: Sandra went to the hallway. Sandra journeyed to the kitchen.
question: Where is Sandra?
answer: kitchen
###
context: Sandra went to the garden. Sandra journeyed to the bedroom.
question: Where is Sandra?
answer: bedroom
###
context: Daniel went to the kitchen. Mary travelled to the hallway. Daniel went back to the garden. Mary went back to the bathroom.
question: Where is Mary?
answer: bathroom
###
context: John went to the office. Mary journeyed to the garden. John went to the garden. John journeyed to the hallway. Sandra went to the hallway. John went to the bedroom. Sandra moved to the bedroom. Mary travelled to the hallway.
question: Where is John?
answer:",bedroom,bedroom,2.6603586673736572,1.0
"context: John moved to the bedroom. Mary moved to the hallway.
question: Where is Mary?
answer: hallway
###
context: Daniel moved to the garden. John went to the kitchen.
question: Where is Daniel?
answer: garden
###
context: Sandra went to the hallway. Sandra journeyed to the kitchen.
question: Where is Sandra?
answer: kitchen
###
context: Sandra went to the garden. Sandra journeyed to the bedroom.
question: Where is Sandra?
answer: bedroom
###
context: Daniel went to the kitchen. Mary travelled to the hallway. Daniel went back to the garden. Mary went back to the bathroom.
question: Where is Mary?
answer: bathroom
###
context: John went to the office. Mary journeyed to the garden. John went to the garden. John journeyed to the hallway. Sandra went to the hallway. John went to the bedroom. Sandra moved to the bedroom. Mary travelled to the hallway. John travelled to the garden. Daniel went back to the bedroom.
question: Where is Sandra?
answer:",bedroom,bedroom,2.9343502521514893,1.0
"context: John moved to the bedroom. Mary moved to the hallway.
question: Where is Mary?
answer: hallway
###
context: Daniel moved to the garden. John went to the kitchen.
question: Where is Daniel?
answer: garden
###
context: Sandra went to the hallway. Sandra journeyed to the kitchen.
question: Where is Sandra?
answer: kitchen
###
context: Sandra went to the garden. Sandra journeyed to the bedroom.
question: Where is Sandra?
answer: bedroom
###
context: Daniel went to the kitchen. Mary travelled to the hallway. Daniel went back to the garden. Mary went back to the bathroom.
question: Where is Mary?
answer: bathroom
###
context: Daniel journeyed to the kitchen. John went back to the kitchen.
question: Where is John?
answer:",kitchen,kitchen,2.393657684326172,1.0
"context: John moved to the bedroom. Mary moved to the hallway.
question: Where is Mary?
answer: hallway
###
context: Daniel moved to the garden. John went to the kitchen.
question: Where is Daniel?
answer: garden
###
context: Sandra went to the hallway. Sandra journeyed to the kitchen.
question: Where is Sandra?
answer: kitchen
###
context: Sandra went to the garden. Sandra journeyed to the bedroom.
question: Where is Sandra?
answer: bedroom
###
context: Daniel went to the kitchen. Mary travelled to the hallway. Daniel went back to the garden. Mary went back to the bathroom.
question: Where is Mary?
answer: bathroom
###
context: Daniel journeyed to the kitchen. John went back to the kitchen. Mary went to the hallway. John moved to the office.
question: Where is John?
answer:",office,office,2.837775230407715,1.0
"context: John moved to the bedroom. Mary moved to the hallway.
question: Where is Mary?
answer: hallway
###
context: Daniel moved to the garden. John went to the kitchen.
question: Where is Daniel?
answer: garden
###
context: Sandra went to the hallway. Sandra journeyed to the kitchen.
question: Where is Sandra?
answer: kitchen
###
context: Sandra went to the garden. Sandra journeyed to the bedroom.
question: Where is Sandra?
answer: bedroom
###
context: Daniel went to the kitchen. Mary travelled to the hallway. Daniel went back to the garden. Mary went back to the bathroom.
question: Where is Mary?
answer: bathroom
###
context: Daniel journeyed to the kitchen. John went back to the kitchen. Mary went to the hallway. John moved to the office. Daniel travelled to the hallway. Mary went to the garden.
question: Where is John?
answer:",office,office,2.9014322757720947,1.0
"context: John moved to the bedroom. Mary moved to the hallway.
question: Where is Mary?
answer: hallway
###
context: Daniel moved to the garden. John went to the kitchen.
question: Where is Daniel?
answer: garden
###
context: Sandra went to the hallway. Sandra journeyed to the kitchen.
question: Where is Sandra?
answer: kitchen
###
context: Sandra went to the garden. Sandra journeyed to the bedroom.
question: Where is Sandra?
answer: bedroom
###
context: Daniel went to the kitchen. Mary travelled to the hallway. Daniel went back to the garden. Mary went back to the bathroom.
question: Where is Mary?
answer: bathroom
###
context: Daniel journeyed to the kitchen. John went back to the kitchen. Mary went to the hallway. John moved to the office. Daniel travelled to the hallway. Mary went to the garden. Mary went back to the office. Mary went to the garden.
question: Where is Mary?
answer:",garden,garden,2.820744276046753,1.0
"context: John moved to the bedroom. Mary moved to the hallway.
question: Where is Mary?
answer: hallway
###
context: Daniel moved to the garden. John went to the kitchen.
question: Where is Daniel?
answer: garden
###
context: Sandra went to the hallway. Sandra journeyed to the kitchen.
question: Where is Sandra?
answer: kitchen
###
context: Sandra went to the garden. Sandra journeyed to the bedroom.
question: Where is Sandra?
answer: bedroom
###
context: Daniel went to the kitchen. Mary travelled to the hallway. Daniel went back to the garden. Mary went back to the bathroom.
question: Where is Mary?
answer: bathroom
###
context: Daniel journeyed to the kitchen. John went back to the kitchen. Mary went to the hallway. John moved to the office. Daniel travelled to the hallway. Mary went to the garden. Mary went back to the office. Mary went to the garden. Sandra moved to the bathroom. Daniel moved to the office.
question: Where is Mary?
answer:",garden,garden,3.262678623199463,1.0
"context: John moved to the bedroom. Mary moved to the hallway.
question: Where is Mary?
answer: hallway
###
context: Daniel moved to the garden. John went to the kitchen.
question: Where is Daniel?
answer: garden
###
context: Sandra went to the hallway. Sandra journeyed to the kitchen.
question: Where is Sandra?
answer: kitchen
###
context: Sandra went to the garden. Sandra journeyed to the bedroom.
question: Where is Sandra?
answer: bedroom
###
context: Daniel went to the kitchen. Mary travelled to the hallway. Daniel went back to the garden. Mary went back to the bathroom.
question: Where is Mary?
answer: bathroom
###
context: Daniel travelled to the bathroom. Sandra moved to the hallway.
question: Where is Sandra?
answer:",hallway,hallway,2.622764825820923,1.0
"context: John moved to the bedroom. Mary moved to the hallway.
question: Where is Mary?
answer: hallway
###
context: Daniel moved to the garden. John went to the kitchen.
question: Where is Daniel?
answer: garden
###
context: Sandra went to the hallway. Sandra journeyed to the kitchen.
question: Where is Sandra?
answer: kitchen
###
context: Sandra went to the garden. Sandra journeyed to the bedroom.
question: Where is Sandra?
answer: bedroom
###
context: Daniel went to the kitchen. Mary travelled to the hallway. Daniel went back to the garden. Mary went back to the bathroom.
question: Where is Mary?
answer: bathroom
###
context: Daniel travelled to the bathroom. Sandra moved to the hallway. Sandra went to the office. Mary journeyed to the kitchen.
question: Where is Mary?
answer:",kitchen,kitchen,3.064126491546631,1.0
"context: John moved to the bedroom. Mary moved to the hallway.
question: Where is Mary?
answer: hallway
###
context: Daniel moved to the garden. John went to the kitchen.
question: Where is Daniel?
answer: garden
###
context: Sandra went to the hallway. Sandra journeyed to the kitchen.
question: Where is Sandra?
answer: kitchen
###
context: Sandra went to the garden. Sandra journeyed to the bedroom.
question: Where is Sandra?
answer: bedroom
###
context: Daniel went to the kitchen. Mary travelled to the hallway. Daniel went back to the garden. Mary went back to the bathroom.
question: Where is Mary?
answer: bathroom
###
context: Daniel travelled to the bathroom. Sandra moved to the hallway. Sandra went to the office. Mary journeyed to the kitchen. Daniel went to the kitchen. Mary went back to the garden.
question: Where is Mary?
answer:",garden,garden,2.717538595199585,1.0
"context: John moved to the bedroom. Mary moved to the hallway.
question: Where is Mary?
answer: hallway
###
context: Daniel moved to the garden. John went to the kitchen.
question: Where is Daniel?
answer: garden
###
context: Sandra went to the hallway. Sandra journeyed to the kitchen.
question: Where is Sandra?
answer: kitchen
###
context: Sandra went to the garden. Sandra journeyed to the bedroom.
question: Where is Sandra?
answer: bedroom
###
context: Daniel went to the kitchen. Mary travelled to the hallway. Daniel went back to the garden. Mary went back to the bathroom.
question: Where is Mary?
answer: bathroom
###
context: Daniel travelled to the bathroom. Sandra moved to the hallway. Sandra went to the office. Mary journeyed to the kitchen. Daniel went to the kitchen. Mary went back to the garden. Daniel moved to the bedroom. Sandra travelled to the garden.
question: Where is Daniel?
answer:",bedroom,bedroom,2.500502824783325,1.0
"context: John moved to the bedroom. Mary moved to the hallway.
question: Where is Mary?
answer: hallway
###
context: Daniel moved to the garden. John went to the kitchen.
question: Where is Daniel?
answer: garden
###
context: Sandra went to the hallway. Sandra journeyed to the kitchen.
question: Where is Sandra?
answer: kitchen
###
context: Sandra went to the garden. Sandra journeyed to the bedroom.
question: Where is Sandra?
answer: bedroom
###
context: Daniel went to the kitchen. Mary travelled to the hallway. Daniel went back to the garden. Mary went back to the bathroom.
question: Where is Mary?
answer: bathroom
###
context: Daniel travelled to the bathroom. Sandra moved to the hallway. Sandra went to the office. Mary journeyed to the kitchen. Daniel went to the kitchen. Mary went back to the garden. Daniel moved to the bedroom. Sandra travelled to the garden. Daniel went back to the hallway. John moved to the bedroom.
question: Where is Sandra?
answer:",garden,garden,2.7580301761627197,1.0
"context: John moved to the bedroom. Mary moved to the hallway.
question: Where is Mary?
answer: hallway
###
context: Daniel moved to the garden. John went to the kitchen.
question: Where is Daniel?
answer: garden
###
context: Sandra went to the hallway. Sandra journeyed to the kitchen.
question: Where is Sandra?
answer: kitchen
###
context: Sandra went to the garden. Sandra journeyed to the bedroom.
question: Where is Sandra?
answer: bedroom
###
context: Daniel went to the kitchen. Mary travelled to the hallway. Daniel went back to the garden. Mary went back to the bathroom.
question: Where is Mary?
answer: bathroom
###
context: Daniel journeyed to the bedroom. Daniel moved to the kitchen.
question: Where is Daniel?
answer:",kitchen,kitchen,2.368297576904297,1.0
"context: John moved to the bedroom. Mary moved to the hallway.
question: Where is Mary?
answer: hallway
###
context: Daniel moved to the garden. John went to the kitchen.
question: Where is Daniel?
answer: garden
###
context: Sandra went to the hallway. Sandra journeyed to the kitchen.
question: Where is Sandra?
answer: kitchen
###
context: Sandra went to the garden. Sandra journeyed to the bedroom.
question: Where is Sandra?
answer: bedroom
###
context: Daniel went to the kitchen. Mary travelled to the hallway. Daniel went back to the garden. Mary went back to the bathroom.
question: Where is Mary?
answer: bathroom
###
context: Daniel journeyed to the bedroom. Daniel moved to the kitchen. Mary travelled to the kitchen. Mary moved to the bathroom.
question: Where is Daniel?
answer:",kitchen,kitchen,2.763087034225464,1.0
"context: John moved to the bedroom. Mary moved to the hallway.
question: Where is Mary?
answer: hallway
###
context: Daniel moved to the garden. John went to the kitchen.
question: Where is Daniel?
answer: garden
###
context: Sandra went to the hallway. Sandra journeyed to the kitchen.
question: Where is Sandra?
answer: kitchen
###
context: Sandra went to the garden. Sandra journeyed to the bedroom.
question: Where is Sandra?
answer: bedroom
###
context: Daniel went to the kitchen. Mary travelled to the hallway. Daniel went back to the garden. Mary went back to the bathroom.
question: Where is Mary?
answer: bathroom
###
context: Daniel journeyed to the bedroom. Daniel moved to the kitchen. Mary travelled to the kitchen. Mary moved to the bathroom. John travelled to the office. Daniel went to the hallway.
question: Where is John?
answer:",office,office,3.090420961380005,1.0
"context: John moved to the bedroom. Mary moved to the hallway.
question: Where is Mary?
answer: hallway
###
context: Daniel moved to the garden. John went to the kitchen.
question: Where is Daniel?
answer: garden
###
context: Sandra went to the hallway. Sandra journeyed to the kitchen.
question: Where is Sandra?
answer: kitchen
###
context: Sandra went to the garden. Sandra journeyed to the bedroom.
question: Where is Sandra?
answer: bedroom
###
context: Daniel went to the kitchen. Mary travelled to the hallway. Daniel went back to the garden. Mary went back to the bathroom.
question: Where is Mary?
answer: bathroom
###
context: Daniel journeyed to the bedroom. Daniel moved to the kitchen. Mary travelled to the kitchen. Mary moved to the bathroom. John travelled to the office. Daniel went to the hallway. John went back to the garden. Sandra travelled to the bathroom.
question: Where is Mary?
answer:",bathroom,bathroom,3.423819065093994,1.0
"context: John moved to the bedroom. Mary moved to the hallway.
question: Where is Mary?
answer: hallway
###
context: Daniel moved to the garden. John went to the kitchen.
question: Where is Daniel?
answer: garden
###
context: Sandra went to the hallway. Sandra journeyed to the kitchen.
question: Where is Sandra?
answer: kitchen
###
context: Sandra went to the garden. Sandra journeyed to the bedroom.
question: Where is Sandra?
answer: bedroom
###
context: Daniel went to the kitchen. Mary travelled to the hallway. Daniel went back to the garden. Mary went back to the bathroom.
question: Where is Mary?
answer: bathroom
###
context: Daniel journeyed to the bedroom. Daniel moved to the kitchen. Mary travelled to the kitchen. Mary moved to the bathroom. John travelled to the office. Daniel went to the hallway. John went back to the garden. Sandra travelled to the bathroom. Sandra journeyed to the office. John went to the bathroom.
question: Where is John?
answer:",bathroom,bathroom,2.887037754058838,1.0
"context: John moved to the bedroom. Mary moved to the hallway.
question: Where is Mary?
answer: hallway
###
context: Daniel moved to the garden. John went to the kitchen.
question: Where is Daniel?
answer: garden
###
context: Sandra went to the hallway. Sandra journeyed to the kitchen.
question: Where is Sandra?
answer: kitchen
###
context: Sandra went to the garden. Sandra journeyed to the bedroom.
question: Where is Sandra?
answer: bedroom
###
context: Daniel went to the kitchen. Mary travelled to the hallway. Daniel went back to the garden. Mary went back to the bathroom.
question: Where is Mary?
answer: bathroom
###
context: Daniel went to the bedroom. Mary travelled to the bathroom.
question: Where is Daniel?
answer:",bedroom,bedroom,2.5851008892059326,1.0
"context: John moved to the bedroom. Mary moved to the hallway.
question: Where is Mary?
answer: hallway
###
context: Daniel moved to the garden. John went to the kitchen.
question: Where is Daniel?
answer: garden
###
context: Sandra went to the hallway. Sandra journeyed to the kitchen.
question: Where is Sandra?
answer: kitchen
###
context: Sandra went to the garden. Sandra journeyed to the bedroom.
question: Where is Sandra?
answer: bedroom
###
context: Daniel went to the kitchen. Mary travelled to the hallway. Daniel went back to the garden. Mary went back to the bathroom.
question: Where is Mary?
answer: bathroom
###
context: Daniel went to the bedroom. Mary travelled to the bathroom. John went back to the kitchen. John travelled to the hallway.
question: Where is Daniel?
answer:",bedroom,bedroom,2.997415781021118,1.0
"context: John moved to the bedroom. Mary moved to the hallway.
question: Where is Mary?
answer: hallway
###
context: Daniel moved to the garden. John went to the kitchen.
question: Where is Daniel?
answer: garden
###
context: Sandra went to the hallway. Sandra journeyed to the kitchen.
question: Where is Sandra?
answer: kitchen
###
context: Sandra went to the garden. Sandra journeyed to the bedroom.
question: Where is Sandra?
answer: bedroom
###
context: Daniel went to the kitchen. Mary travelled to the hallway. Daniel went back to the garden. Mary went back to the bathroom.
question: Where is Mary?
answer: bathroom
###
context: Daniel went to the bedroom. Mary travelled to the bathroom. John went back to the kitchen. John travelled to the hallway. Mary travelled to the hallway. John travelled to the garden.
question: Where is John?
answer:",garden,garden,2.593250036239624,1.0
"context: John moved to the bedroom. Mary moved to the hallway.
question: Where is Mary?
answer: hallway
###
context: Daniel moved to the garden. John went to the kitchen.
question: Where is Daniel?
answer: garden
###
context: Sandra went to the hallway. Sandra journeyed to the kitchen.
question: Where is Sandra?
answer: kitchen
###
context: Sandra went to the garden. Sandra journeyed to the bedroom.
question: Where is Sandra?
answer: bedroom
###
context: Daniel went to the kitchen. Mary travelled to the hallway. Daniel went back to the garden. Mary went back to the bathroom.
question: Where is Mary?
answer: bathroom
###
context: Daniel went to the bedroom. Mary travelled to the bathroom. John went back to the kitchen. John travelled to the hallway. Mary travelled to the hallway. John travelled to the garden. Sandra went to the office. Mary moved to the bathroom.
question: Where is Mary?
answer:",bathroom,bathroom,3.114684820175171,1.0
"context: John moved to the bedroom. Mary moved to the hallway.
question: Where is Mary?
answer: hallway
###
context: Daniel moved to the garden. John went to the kitchen.
question: Where is Daniel?
answer: garden
###
context: Sandra went to the hallway. Sandra journeyed to the kitchen.
question: Where is Sandra?
answer: kitchen
###
context: Sandra went to the garden. Sandra journeyed to the bedroom.
question: Where is Sandra?
answer: bedroom
###
context: Daniel went to the kitchen. Mary travelled to the hallway. Daniel went back to the garden. Mary went back to the bathroom.
question: Where is Mary?
answer: bathroom
###
context: Daniel went to the bedroom. Mary travelled to the bathroom. John went back to the kitchen. John travelled to the hallway. Mary travelled to the hallway. John travelled to the garden. Sandra went to the office. Mary moved to the bathroom. Mary journeyed to the garden. John went to the hallway.
question: Where is John?
answer:",hallway,hallway,2.9800732135772705,1.0
"context: John moved to the bedroom. Mary moved to the hallway.
question: Where is Mary?
answer: hallway
###
context: Daniel moved to the garden. John went to the kitchen.
question: Where is Daniel?
answer: garden
###
context: Sandra went to the hallway. Sandra journeyed to the kitchen.
question: Where is Sandra?
answer: kitchen
###
context: Sandra went to the garden. Sandra journeyed to the bedroom.
question: Where is Sandra?
answer: bedroom
###
context: Daniel went to the kitchen. Mary travelled to the hallway. Daniel went back to the garden. Mary went back to the bathroom.
question: Where is Mary?
answer: bathroom
###
context: Sandra went to the kitchen. Mary moved to the kitchen.
question: Where is Sandra?
answer:",kitchen,kitchen,2.526660680770874,1.0
"context: John moved to the bedroom. Mary moved to the hallway.
question: Where is Mary?
answer: hallway
###
context: Daniel moved to the garden. John went to the kitchen.
question: Where is Daniel?
answer: garden
###
context: Sandra went to the hallway. Sandra journeyed to the kitchen.
question: Where is Sandra?
answer: kitchen
###
context: Sandra went to the garden. Sandra journeyed to the bedroom.
question: Where is Sandra?
answer: bedroom
###
context: Daniel went to the kitchen. Mary travelled to the hallway. Daniel went back to the garden. Mary went back to the bathroom.
question: Where is Mary?
answer: bathroom
###
context: Sandra went to the kitchen. Mary moved to the kitchen. Sandra moved to the hallway. Mary went to the office.
question: Where is Mary?
answer:",office,office,2.892617702484131,1.0
"context: John moved to the bedroom. Mary moved to the hallway.
question: Where is Mary?
answer: hallway
###
context: Daniel moved to the garden. John went to the kitchen.
question: Where is Daniel?
answer: garden
###
context: Sandra went to the hallway. Sandra journeyed to the kitchen.
question: Where is Sandra?
answer: kitchen
###
context: Sandra went to the garden. Sandra journeyed to the bedroom.
question: Where is Sandra?
answer: bedroom
###
context: Daniel went to the kitchen. Mary travelled to the hallway. Daniel went back to the garden. Mary went back to the bathroom.
question: Where is Mary?
answer: bathroom
###
context: Sandra went to the kitchen. Mary moved to the kitchen. Sandra moved to the hallway. Mary went to the office. Daniel journeyed to the garden. Sandra journeyed to the garden.
question: Where is Mary?
answer:",office,office,2.7297277450561523,1.0
"context: John moved to the bedroom. Mary moved to the hallway.
question: Where is Mary?
answer: hallway
###
context: Daniel moved to the garden. John went to the kitchen.
question: Where is Daniel?
answer: garden
###
context: Sandra went to the hallway. Sandra journeyed to the kitchen.
question: Where is Sandra?
answer: kitchen
###
context: Sandra went to the garden. Sandra journeyed to the bedroom.
question: Where is Sandra?
answer: bedroom
###
context: Daniel went to the kitchen. Mary travelled to the hallway. Daniel went back to the garden. Mary went back to the bathroom.
question: Where is Mary?
answer: bathroom
###
context: Sandra went to the kitchen. Mary moved to the kitchen. Sandra moved to the hallway. Mary went to the office. Daniel journeyed to the garden. Sandra journeyed to the garden. Daniel went back to the kitchen. Sandra moved to the office.
question: Where is Daniel?
answer:",kitchen,kitchen,2.5666656494140625,1.0
"context: John moved to the bedroom. Mary moved to the hallway.
question: Where is Mary?
answer: hallway
###
context: Daniel moved to the garden. John went to the kitchen.
question: Where is Daniel?
answer: garden
###
context: Sandra went to the hallway. Sandra journeyed to the kitchen.
question: Where is Sandra?
answer: kitchen
###
context: Sandra went to the garden. Sandra journeyed to the bedroom.
question: Where is Sandra?
answer: bedroom
###
context: Daniel went to the kitchen. Mary travelled to the hallway. Daniel went back to the garden. Mary went back to the bathroom.
question: Where is Mary?
answer: bathroom
###
context: Sandra went to the kitchen. Mary moved to the kitchen. Sandra moved to the hallway. Mary went to the office. Daniel journeyed to the garden. Sandra journeyed to the garden. Daniel went back to the kitchen. Sandra moved to the office. Daniel moved to the bedroom. John travelled to the bathroom.
question: Where is John?
answer:",bathroom,bathroom,2.8442044258117676,1.0
"context: John moved to the bedroom. Mary moved to the hallway.
question: Where is Mary?
answer: hallway
###
context: Daniel moved to the garden. John went to the kitchen.
question: Where is Daniel?
answer: garden
###
context: Sandra went to the hallway. Sandra journeyed to the kitchen.
question: Where is Sandra?
answer: kitchen
###
context: Sandra went to the garden. Sandra journeyed to the bedroom.
question: Where is Sandra?
answer: bedroom
###
context: Daniel went to the kitchen. Mary travelled to the hallway. Daniel went back to the garden. Mary went back to the bathroom.
question: Where is Mary?
answer: bathroom
###
context: Sandra journeyed to the bathroom. Daniel moved to the garden.
question: Where is Daniel?
answer:",garden,garden,2.4765689373016357,1.0
"context: John moved to the bedroom. Mary moved to the hallway.
question: Where is Mary?
answer: hallway
###
context: Daniel moved to the garden. John went to the kitchen.
question: Where is Daniel?
answer: garden
###
context: Sandra went to the hallway. Sandra journeyed to the kitchen.
question: Where is Sandra?
answer: kitchen
###
context: Sandra went to the garden. Sandra journeyed to the bedroom.
question: Where is Sandra?
answer: bedroom
###
context: Daniel went to the kitchen. Mary travelled to the hallway. Daniel went back to the garden. Mary went back to the bathroom.
question: Where is Mary?
answer: bathroom
###
context: Sandra journeyed to the bathroom. Daniel moved to the garden. Mary went back to the garden. Daniel went back to the kitchen.
question: Where is Daniel?
answer:",kitchen,kitchen,2.4507651329040527,1.0
"context: John moved to the bedroom. Mary moved to the hallway.
question: Where is Mary?
answer: hallway
###
context: Daniel moved to the garden. John went to the kitchen.
question: Where is Daniel?
answer: garden
###
context: Sandra went to the hallway. Sandra journeyed to the kitchen.
question: Where is Sandra?
answer: kitchen
###
context: Sandra went to the garden. Sandra journeyed to the bedroom.
question: Where is Sandra?
answer: bedroom
###
context: Daniel went to the kitchen. Mary travelled to the hallway. Daniel went back to the garden. Mary went back to the bathroom.
question: Where is Mary?
answer: bathroom
###
context: Sandra journeyed to the bathroom. Daniel moved to the garden. Mary went back to the garden. Daniel went back to the kitchen. Mary went back to the bedroom. Mary went back to the bathroom.
question: Where is Daniel?
answer:",kitchen,kitchen,2.528428077697754,1.0
"context: John moved to the bedroom. Mary moved to the hallway.
question: Where is Mary?
answer: hallway
###
context: Daniel moved to the garden. John went to the kitchen.
question: Where is Daniel?
answer: garden
###
context: Sandra went to the hallway. Sandra journeyed to the kitchen.
question: Where is Sandra?
answer: kitchen
###
context: Sandra went to the garden. Sandra journeyed to the bedroom.
question: Where is Sandra?
answer: bedroom
###
context: Daniel went to the kitchen. Mary travelled to the hallway. Daniel went back to the garden. Mary went back to the bathroom.
question: Where is Mary?
answer: bathroom
###
context: Sandra journeyed to the bathroom. Daniel moved to the garden. Mary went back to the garden. Daniel went back to the kitchen. Mary went back to the bedroom. Mary went back to the bathroom. John journeyed to the hallway. John went back to the bedroom.
question: Where is John?
answer:",bedroom,bedroom,2.699357032775879,1.0
"context: John moved to the bedroom. Mary moved to the hallway.
question: Where is Mary?
answer: hallway
###
context: Daniel moved to the garden. John went to the kitchen.
question: Where is Daniel?
answer: garden
###
context: Sandra went to the hallway. Sandra journeyed to the kitchen.
question: Where is Sandra?
answer: kitchen
###
context: Sandra went to the garden. Sandra journeyed to the bedroom.
question: Where is Sandra?
answer: bedroom
###
context: Daniel went to the kitchen. Mary travelled to the hallway. Daniel went back to the garden. Mary went back to the bathroom.
question: Where is Mary?
answer: bathroom
###
context: Sandra journeyed to the bathroom. Daniel moved to the garden. Mary went back to the garden. Daniel went back to the kitchen. Mary went back to the bedroom. Mary went back to the bathroom. John journeyed to the hallway. John went back to the bedroom. Daniel journeyed to the bathroom. John went back to the office.
question: Where is John?
answer:",office,office,2.5900564193725586,1.0
"context: John moved to the bedroom. Mary moved to the hallway.
question: Where is Mary?
answer: hallway
###
context: Daniel moved to the garden. John went to the kitchen.
question: Where is Daniel?
answer: garden
###
context: Sandra went to the hallway. Sandra journeyed to the kitchen.
question: Where is Sandra?
answer: kitchen
###
context: Sandra went to the garden. Sandra journeyed to the bedroom.
question: Where is Sandra?
answer: bedroom
###
context: Daniel went to the kitchen. Mary travelled to the hallway. Daniel went back to the garden. Mary went back to the bathroom.
question: Where is Mary?
answer: bathroom
###
context: John went to the kitchen. John journeyed to the office.
question: Where is John?
answer:",office,office,2.2528557777404785,1.0
"context: John moved to the bedroom. Mary moved to the hallway.
question: Where is Mary?
answer: hallway
###
context: Daniel moved to the garden. John went to the kitchen.
question: Where is Daniel?
answer: garden
###
context: Sandra went to the hallway. Sandra journeyed to the kitchen.
question: Where is Sandra?
answer: kitchen
###
context: Sandra went to the garden. Sandra journeyed to the bedroom.
question: Where is Sandra?
answer: bedroom
###
context: Daniel went to the kitchen. Mary travelled to the hallway. Daniel went back to the garden. Mary went back to the bathroom.
question: Where is Mary?
answer: bathroom
###
context: John went to the kitchen. John journeyed to the office. Daniel travelled to the bedroom. John journeyed to the kitchen.
question: Where is John?
answer:",kitchen,kitchen,2.5270562171936035,1.0
"context: John moved to the bedroom. Mary moved to the hallway.
question: Where is Mary?
answer: hallway
###
context: Daniel moved to the garden. John went to the kitchen.
question: Where is Daniel?
answer: garden
###
context: Sandra went to the hallway. Sandra journeyed to the kitchen.
question: Where is Sandra?
answer: kitchen
###
context: Sandra went to the garden. Sandra journeyed to the bedroom.
question: Where is Sandra?
answer: bedroom
###
context: Daniel went to the kitchen. Mary travelled to the hallway. Daniel went back to the garden. Mary went back to the bathroom.
question: Where is Mary?
answer: bathroom
###
context: John went to the kitchen. John journeyed to the office. Daniel travelled to the bedroom. John journeyed to the kitchen. John journeyed to the office. Mary went back to the bathroom.
question: Where is Mary?
answer:",bathroom,bathroom,2.465529203414917,1.0
"context: John moved to the bedroom. Mary moved to the hallway.
question: Where is Mary?
answer: hallway
###
context: Daniel moved to the garden. John went to the kitchen.
question: Where is Daniel?
answer: garden
###
context: Sandra went to the hallway. Sandra journeyed to the kitchen.
question: Where is Sandra?
answer: kitchen
###
context: Sandra went to the garden. Sandra journeyed to the bedroom.
question: Where is Sandra?
answer: bedroom
###
context: Daniel went to the kitchen. Mary travelled to the hallway. Daniel went back to the garden. Mary went back to the bathroom.
question: Where is Mary?
answer: bathroom
###
context: John went to the kitchen. John journeyed to the office. Daniel travelled to the bedroom. John journeyed to the kitchen. John journeyed to the office. Mary went back to the bathroom. John journeyed to the garden. Sandra went to the bathroom.
question: Where is John?
answer:",garden,garden,2.4988646507263184,1.0
"context: John moved to the bedroom. Mary moved to the hallway.
question: Where is Mary?
answer: hallway
###
context: Daniel moved to the garden. John went to the kitchen.
question: Where is Daniel?
answer: garden
###
context: Sandra went to the hallway. Sandra journeyed to the kitchen.
question: Where is Sandra?
answer: kitchen
###
context: Sandra went to the garden. Sandra journeyed to the bedroom.
question: Where is Sandra?
answer: bedroom
###
context: Daniel went to the kitchen. Mary travelled to the hallway. Daniel went back to the garden. Mary went back to the bathroom.
question: Where is Mary?
answer: bathroom
###
context: John went to the kitchen. John journeyed to the office. Daniel travelled to the bedroom. John journeyed to the kitchen. John journeyed to the office. Mary went back to the bathroom. John journeyed to the garden. Sandra went to the bathroom. Sandra journeyed to the office. John went back to the bathroom.
question: Where is Sandra?
answer:",office,office,2.2977452278137207,1.0
"context: John moved to the bedroom. Mary moved to the hallway.
question: Where is Mary?
answer: hallway
###
context: Daniel moved to the garden. John went to the kitchen.
question: Where is Daniel?
answer: garden
###
context: Sandra went to the hallway. Sandra journeyed to the kitchen.
question: Where is Sandra?
answer: kitchen
###
context: Sandra went to the garden. Sandra journeyed to the bedroom.
question: Where is Sandra?
answer: bedroom
###
context: Daniel went to the kitchen. Mary travelled to the hallway. Daniel went back to the garden. Mary went back to the bathroom.
question: Where is Mary?
answer: bathroom
###
context: Mary travelled to the kitchen. Sandra moved to the office.
question: Where is Sandra?
answer:",office,office,2.2855093479156494,1.0
"context: John moved to the bedroom. Mary moved to the hallway.
question: Where is Mary?
answer: hallway
###
context: Daniel moved to the garden. John went to the kitchen.
question: Where is Daniel?
answer: garden
###
context: Sandra went to the hallway. Sandra journeyed to the kitchen.
question: Where is Sandra?
answer: kitchen
###
context: Sandra went to the garden. Sandra journeyed to the bedroom.
question: Where is Sandra?
answer: bedroom
###
context: Daniel went to the kitchen. Mary travelled to the hallway. Daniel went back to the garden. Mary went back to the bathroom.
question: Where is Mary?
answer: bathroom
###
context: Mary travelled to the kitchen. Sandra moved to the office. Mary went back to the bedroom. Mary journeyed to the kitchen.
question: Where is Mary?
answer:",kitchen,kitchen,2.561720132827759,1.0
"context: John moved to the bedroom. Mary moved to the hallway.
question: Where is Mary?
answer: hallway
###
context: Daniel moved to the garden. John went to the kitchen.
question: Where is Daniel?
answer: garden
###
context: Sandra went to the hallway. Sandra journeyed to the kitchen.
question: Where is Sandra?
answer: kitchen
###
context: Sandra went to the garden. Sandra journeyed to the bedroom.
question: Where is Sandra?
answer: bedroom
###
context: Daniel went to the kitchen. Mary travelled to the hallway. Daniel went back to the garden. Mary went back to the bathroom.
question: Where is Mary?
answer: bathroom
###
context: Mary travelled to the kitchen. Sandra moved to the office. Mary went back to the bedroom. Mary journeyed to the kitchen. John travelled to the bedroom. Daniel went to the bedroom.
question: Where is Mary?
answer:",kitchen,kitchen,2.9287290573120117,1.0
"context: John moved to the bedroom. Mary moved to the hallway.
question: Where is Mary?
answer: hallway
###
context: Daniel moved to the garden. John went to the kitchen.
question: Where is Daniel?
answer: garden
###
context: Sandra went to the hallway. Sandra journeyed to the kitchen.
question: Where is Sandra?
answer: kitchen
###
context: Sandra went to the garden. Sandra journeyed to the bedroom.
question: Where is Sandra?
answer: bedroom
###
context: Daniel went to the kitchen. Mary travelled to the hallway. Daniel went back to the garden. Mary went back to the bathroom.
question: Where is Mary?
answer: bathroom
###
context: Mary travelled to the kitchen. Sandra moved to the office. Mary went back to the bedroom. Mary journeyed to the kitchen. John travelled to the bedroom. Daniel went to the bedroom. Sandra journeyed to the garden. Sandra travelled to the office.
question: Where is Sandra?
answer:",office,office,2.5876147747039795,1.0
"context: John moved to the bedroom. Mary moved to the hallway.
question: Where is Mary?
answer: hallway
###
context: Daniel moved to the garden. John went to the kitchen.
question: Where is Daniel?
answer: garden
###
context: Sandra went to the hallway. Sandra journeyed to the kitchen.
question: Where is Sandra?
answer: kitchen
###
context: Sandra went to the garden. Sandra journeyed to the bedroom.
question: Where is Sandra?
answer: bedroom
###
context: Daniel went to the kitchen. Mary travelled to the hallway. Daniel went back to the garden. Mary went back to the bathroom.
question: Where is Mary?
answer: bathroom
###
context: Mary travelled to the kitchen. Sandra moved to the office. Mary went back to the bedroom. Mary journeyed to the kitchen. John travelled to the bedroom. Daniel went to the bedroom. Sandra journeyed to the garden. Sandra travelled to the office. Mary travelled to the office. Mary journeyed to the kitchen.
question: Where is Sandra?
answer:",office,office,2.7416727542877197,1.0
"context: John moved to the bedroom. Mary moved to the hallway.
question: Where is Mary?
answer: hallway
###
context: Daniel moved to the garden. John went to the kitchen.
question: Where is Daniel?
answer: garden
###
context: Sandra went to the hallway. Sandra journeyed to the kitchen.
question: Where is Sandra?
answer: kitchen
###
context: Sandra went to the garden. Sandra journeyed to the bedroom.
question: Where is Sandra?
answer: bedroom
###
context: Daniel went to the kitchen. Mary travelled to the hallway. Daniel went back to the garden. Mary went back to the bathroom.
question: Where is Mary?
answer: bathroom
###
context: Sandra went to the kitchen. John journeyed to the kitchen.
question: Where is Sandra?
answer:",kitchen,kitchen,2.4133224487304688,1.0
"context: John moved to the bedroom. Mary moved to the hallway.
question: Where is Mary?
answer: hallway
###
context: Daniel moved to the garden. John went to the kitchen.
question: Where is Daniel?
answer: garden
###
context: Sandra went to the hallway. Sandra journeyed to the kitchen.
question: Where is Sandra?
answer: kitchen
###
context: Sandra went to the garden. Sandra journeyed to the bedroom.
question: Where is Sandra?
answer: bedroom
###
context: Daniel went to the kitchen. Mary travelled to the hallway. Daniel went back to the garden. Mary went back to the bathroom.
question: Where is Mary?
answer: bathroom
###
context: Sandra went to the kitchen. John journeyed to the kitchen. Sandra went back to the garden. Mary travelled to the hallway.
question: Where is John?
answer:",kitchen,kitchen,2.644606351852417,1.0
"context: John moved to the bedroom. Mary moved to the hallway.
question: Where is Mary?
answer: hallway
###
context: Daniel moved to the garden. John went to the kitchen.
question: Where is Daniel?
answer: garden
###
context: Sandra went to the hallway. Sandra journeyed to the kitchen.
question: Where is Sandra?
answer: kitchen
###
context: Sandra went to the garden. Sandra journeyed to the bedroom.
question: Where is Sandra?
answer: bedroom
###
context: Daniel went to the kitchen. Mary travelled to the hallway. Daniel went back to the garden. Mary went back to the bathroom.
question: Where is Mary?
answer: bathroom
###
context: Sandra went to the kitchen. John journeyed to the kitchen. Sandra went back to the garden. Mary travelled to the hallway. Sandra went back to the bathroom. Daniel journeyed to the garden.
question: Where is Daniel?
answer:",garden,garden,2.6657044887542725,1.0
"context: John moved to the bedroom. Mary moved to the hallway.
question: Where is Mary?
answer: hallway
###
context: Daniel moved to the garden. John went to the kitchen.
question: Where is Daniel?
answer: garden
###
context: Sandra went to the hallway. Sandra journeyed to the kitchen.
question: Where is Sandra?
answer: kitchen
###
context: Sandra went to the garden. Sandra journeyed to the bedroom.
question: Where is Sandra?
answer: bedroom
###
context: Daniel went to the kitchen. Mary travelled to the hallway. Daniel went back to the garden. Mary went back to the bathroom.
question: Where is Mary?
answer: bathroom
###
context: Sandra went to the kitchen. John journeyed to the kitchen. Sandra went back to the garden. Mary travelled to the hallway. Sandra went back to the bathroom. Daniel journeyed to the garden. John moved to the hallway. Mary moved to the bathroom.
question: Where is Sandra?
answer:",bathroom,bathroom,2.8140244483947754,1.0
"context: John moved to the bedroom. Mary moved to the hallway.
question: Where is Mary?
answer: hallway
###
context: Daniel moved to the garden. John went to the kitchen.
question: Where is Daniel?
answer: garden
###
context: Sandra went to the hallway. Sandra journeyed to the kitchen.
question: Where is Sandra?
answer: kitchen
###
context: Sandra went to the garden. Sandra journeyed to the bedroom.
question: Where is Sandra?
answer: bedroom
###
context: Daniel went to the kitchen. Mary travelled to the hallway. Daniel went back to the garden. Mary went back to the bathroom.
question: Where is Mary?
answer: bathroom
###
context: Sandra went to the kitchen. John journeyed to the kitchen. Sandra went back to the garden. Mary travelled to the hallway. Sandra went back to the bathroom. Daniel journeyed to the garden. John moved to the hallway. Mary moved to the bathroom. John went back to the office. Mary went to the kitchen.
question: Where is Mary?
answer:",kitchen,kitchen,2.5105738639831543,1.0
